Etiqueta,Contenido
title,Compra tecnología en línea de forma fácil » Compulago
h2,SOLO X 42 HR
h2,Productos Nuevos
h2,PC TODO EN UNO ASUS CORE I3 16 GB SSD 512GB
h2,IMPRESORA TINTA CONTINUA HP SMART TANK 720
h2,PORTATIL ASUS VIVOBOOK 15 X1504ZA NJ1200 CORE I3 512 GB SOLIDO 12 GB 15.6 PULGADAS 12 VA GEN NO SOFTWARE PLATA
h2,PORTATIL ASUS VIVOBOOK 16X M3604YA MB281 RYZEN 7 1 TB 16 GB 16 PULGADAS 7MA GEN NO SOFTWARE PLATA
h2,CAMARA WEB GENIUS FACECAM 2000X2  NEGRO
h2,PC TODO EN UNO HP RYZEN 3 8 GB SSD 256GB
h2,MONITOR PORTATIL ASUS ZENSCREEN 15.6¨ FULL HD IPS USB TIPO C MB166C
h2,CELULAR XIAOMI REDMI 13C 256 GB AZUL
h2,CELULAR SAMSUNG GALAXY A25 128 GB AZUL
h2,TV BOX ONN GOOGLE 4K STREAMING
h2,TINTA ORIGINAL EPSON  T504420AL AMARILLO YELLOW
h2,TINTA ORIGINAL EPSON  T504320AL ROJO MAGENTA
h2,TINTA ORIGINAL EPSON  T504220AL AZUL  CYAN
h2,TINTA ORIGINAL EPSON  T504120AL NEGRO BLACK
h2,MOUSE USB REDRAGON M607 GRIFFIN CHROMA BLANCO GAMER
h2,TECLADO USB REDRAGON SHIVA K512 GAMER
h2,CELULAR MOTOROLA E14 DUAL SIM 64 GB GRIS
h2,CELULAR SAMSUNG GALAXY A05 64 GB NEGRO
h2,TORRE CLON CLON GAMER 5R  RYZEN 7 16 GB SSD 512 GB VIDEO 6.0 GB
h2,PC POS DIGITAL POS CELERON 8 GB SSD 256GB 15 PULGADAS
h2,CELULAR SAMSUNG GALAXY A05S 128 GB PLATA
h2,PORTATIL ACER A315 24P R7G7 RYZEN 5 512 GB SOLIDO 8 GB 15.6 PULGADAS 7MA GEN NO SOFTWARE AZUL
h2,PORTATIL ACER A315 59 37Q9 CORE I3 512 GB SOLIDO 8 GB 15.6 PULGADAS 12 VA GEN NO SOFTWARE PLATA
h2,TORRE CLON CLON 6R RYZEN 7 16 GB SSD NVME 512 GB
h2,TELEVISOR LED 50 PULGADAS SAMSUNG SMART TV UN50DU7000 UHD 4K
h2,TELEVISOR OLIMPO 55 PULGADAS LED UHD SMART ANDROID TV U5200S
h2,XIAOMI SMART BAND 8 ACTIVE ROSADO
h2,AUDIFONO BLUETOOTH XIAOMI REDMI BUDS 6 ACTIVE  BLANCO
h2,AUDIFONO BLUETOOTH XIAOMI REDMI BUDS 6 ACTIVE  NEGRO
h2,TECLADO MECANICO INALAMBRICO LOGITECH G PRO X 60 LIGHTSPEED GAMER
h2,Productos en Oferta
h2,PORTATIL HP PROBOOK 440 G9 CORE I5 512 GB SOLIDO 16 GB 14 PULGADAS 12 VA GEN WINDOWS 10 PRO GRIS
h2,UPS STAR TEC 2200VA
h2,POWER BANK LAPTOP 10.000 MAH LENOVO GO  USB C
h2,TORRE CLON CLON GAMER 5 RYZEN 7 16 GB SSD NVME 512 GB VIDEO 6.0 GB
h2,TORRE CLON CLON GAMER 5  RYZEN 7 16 GB SSD NVME 512 GB VIDEO 6.0 GB
h2,MOUSE BLUETOOTH LOGITECH M650 NEGRO
h2,CONTROL SMARTPHONE  VSG CIGNUS CELULAR
h2,PARLANTE BLUETOOTH JBL BOOMBOX2 NEGRO
h2,TECLADO + MOUSE USB LOGITECH MK200
h2,PC LENOVO TINY THINKCENTRE M70Q GEN 4 CORE I7  8 GB SSD 512GB LED 24 PULGADAS
h2,Destacados de la Semana
h2,COMBO: PORTATIL HP 245 G9 RYZEN 5 256 GB SOLIDO 8 GB 14 PULGADAS 5TA GEN NO SOFTWARE GRIS + MORRAL Y MOUSE
h2,PC LENOVO THINKCENTRE M75S RYZEN 5  8 GB SSD 512GB LED 22 PULGADAS
h2,TORRE CLON GAMER RYZEN 7 7800X 3D 32 GB RAM DDR5 SSD NVME 1TERA  RTX 4060 8GB OC
h2,PC TODO EN UNO ACER RYZEN 5 8 GB SSD 512GB
h2,PORTATIL LENOVO IP GAMING 3 15ARH7 RYZEN 5 512 GB SOLIDO 8 GB 15.6 PULGADAS 6TA GEN WINDOWS 11 HOME BLANCO
h2,PORTATIL DELL INSPIRON 3525 RYZEN 7 512 GB SOLIDO 16 GB 15.6 PULGADAS 5TA GEN WINDOWS 11 HOME PLATA
h2,PORTATIL LENOVO THINKBOOK 14 G4 IAP CORE I5 256 GB SOLIDO 8 GB 14 PULGADAS 12 VA GEN WINDOWS 11 PRO GRIS
h2,PORTATIL ASUS M3504YA BQ294 RYZEN 7 512 GB SOLIDO 16 GB 15.6 PULGADAS 7MA GEN NO SOFTWARE NEGRO
h2,COMPUTADOR DE MESA PC CLON 5  CORE I7
h2,PC TODO EN UNO HP RYZEN 5 8 GB SSD 256GB
h2,CELULAR XIAOMI POCO M6 PRO 512 GB NEGRO
h2,PC TODO EN UNO LENOVO RYZEN 5 8 GB SSD 512GB
h2,PC HP PRODESK 400 G9 SFF CORE I5  16 GB SSD 512GB LED 22 PULGADAS
h2,PORTATIL HP 14 EM0014LA RYZEN 5 512 GB SOLIDO 8 GB 14 PULGADAS 7MA GEN NO SOFTWARE DORADO
h2,PORTATIL HP 14 EM0005LA RYZEN 3 512 GB SOLIDO 8 GB 14 PULGADAS 7MA GEN NO SOFTWARE AZUL
h2,PORTATIL HP 14 EM0009LA RYZEN 5 512 GB SOLIDO 16 GB 14 PULGADAS 7MA GEN NO SOFTWARE DORADO
h2,PORTATIL ASUS VIVOBOOK GO E1504GA NJ103 CORE I3 512 GB SOLIDO 8 GB 15.6 PULGADAS  GEN NO SOFTWARE NEGRO
h2,CELULAR XIAOMI NOTE 13 PRO 256 GB NEGRO
h2,PORTATIL DELL INSPIRON 3520 CORE I5 512 GB SOLIDO 8 GB 15.6 PULGADAS 12 VA GEN NO SOFTWARE GRIS
h2,CELULAR IPHONE 11 128 GB BLANCO
h2,CELULAR MOTOROLA G84 256 GB AZUL
h2,CELULAR MOTOROLA G84 256 GB NEGRO
h2,CELULAR IPHONE 13 128 GB AZUL
h2,CELULAR IPHONE 13 128 GB NEGRO
h2,COMPUTADOR DE MESA PC CLON 4  CORE I5
h2,Inicia Sesión
h2,¿Aún no tienes Cuenta?
h2,"Hola,"
h2,¡Hola!
h2,¿Aún no tienes cuenta?
h2,Solicitud  Abierta
h3,Envíos a toda Colombia
h3,Nuestras Tiendas
h3,Atención En Linea
h3,Soporte Técnico
h3,Inicio
h3,Tecnologia
h3,Electro
h3,Corporativo
h3,Comprar o Cotizar  un Producto
h3,Solicitar una Solucion o Servicio
h3,Dirección:
h3,Hora de apertura y cierre
h3,Contacto:
h3,Ver en Maps
h3,Dirección:
h3,Hora de apertura y cierre
h3,Contacto:
h3,Ver en Maps
h3,Dirección:
h3,Hora de apertura y cierre
h3,Contacto:
h3,Ver en Maps
h3,Dirección:
h3,Hora de apertura y cierre
h3,Contacto:
h3,Ver en Maps
h3,Dirección:
h3,Hora de apertura y cierre
h3,Contacto:
h3,Ver en Maps
h3,Dirección:
h3,Hora de apertura y cierre
h3,Contacto:
h3,Ver en Maps
h3,Centro Comercial
h3,Dirección:
h3,Hora de apertura y cierre
h3,Contacto:
h3,Ver en Maps
h3,Centro Comercial
h3,Dirección:
h3,Hora de apertura y cierre
h3,Contacto:
h3,Ver en Maps
h3,Dirección:
h3,Hora de apertura y cierre
h3,Contacto:
h3,Ver en Maps
h3,Centro Comercial
h3,Dirección:
h3,Hora de apertura y cierre
h3,Contacto:
h3,Ver en Maps
h3,Dirección:
h3,Hora de apertura y cierre
h3,Contacto:
h3,Ver en Maps
h3,Centro Comercial
h3,Dirección:
h3,Hora de apertura y cierre
h3,Contacto:
h3,Ver en Maps
h3,Centro Comercial
h3,Dirección:
h3,Hora de apertura y cierre
h3,Contacto:
h3,Ver en Maps
h3,Centro Comercial
h3,Dirección:
h3,Hora de apertura y cierre
h3,Contacto:
h3,Ver en Maps
h3,Centro Comercial
h3,Dirección:
h3,Hora de apertura y cierre
h3,Contacto:
h3,Ver en Maps
h3,Dirección:
h3,Hora de apertura y cierre
h3,Contacto:
h3,Ver en Maps
h3,Centro Comercial
h3,Dirección:
h3,Hora de apertura y cierre
h3,Contacto:
h3,Ver en Maps
h3,Dirección:
h3,Hora de apertura y cierre
h3,Contacto:
h3,Ver en Maps
